Title,Content,Date
AI breakthrough in healthcare,A new AI model can detect diseases faster.,2025-10-22
Stock market rises,The stock market surged today after economic news.,2025-10-22
New tech gadget released,Company X releases its latest gadget to the public.,2025-10-21
Political debate heats up,The presidential debate brings new controversies.,2025-10-21
Climate summit discussions,Leaders meet to discuss climate change solutions.,2025-10-20
Sports championship results,Team Y wins the championship in a close match.,2025-10-20
Economy growth forecast,Experts predict GDP growth for next quarter.,2025-10-19
New movie release,Blockbuster movie Z premieres globally.,2025-10-19
Tech conference highlights,Conference showcases AI and robotics advancements.,2025-10-18
Health study findings,Recent study finds benefits of daily exercise.,2025-10-18
